trial,description,rpa,spa,vrpa,vspa
FFSequence-035-03bfa4f6,"hidden_layers: [(600, 'relu', 0.5), ",0.988303205225581,0.9581345891057947,0.9555138536328077,0.9111380947255999
FFSequence-034-e70b943f,"hidden_layers: [(600, 'relu', 0.5), ",0.9930730669907337,0.9755734467567978,0.9527541671397737,0.9102549950523031
FFSequence-033-807cc7a8,"hidden_layers: [(600, 'relu', 0.5), ",0.9950478505240772,0.9836244873158134,0.9528645546129174,0.9101446076054778
FFSequence-036-7b9ee897,"hidden_layers: [(600, 'relu', 0.5), ",0.9909767583295529,0.9591675528128351,0.9514295176133795,0.9046252345865117
FFSequence-037-b4aaa757,"hidden_layers: [(600, 'relu', 0.5), ",0.9855081269937719,0.9434908096866008,0.9444751076409327,0.8950215255678562
FFSequence-038-60bcc3f1,"hidden_layers: [(600, 'relu', 0.5), ",0.9848701200187523,0.9276317788061356,0.9068329838059415,0.8715089966108868
FFSequence-039-b6030e71,"hidden_layers: [(600, 'relu', 0.5), ",0.9389639981897989,0.8735227100142552,0.8821061927496644,0.838503146068928
FFSequence-040-67d33cc3,"hidden_layers: [(600, 'relu', 0.5), ",0.7225277229552752,0.7220112411080931,0.7557125510870982,0.7557125510870982
